,Jan,Feb,Mar,Apr,May,Jun,Jul,Aug,Sep,Oct,Nov
Executive,-0.016,-0.00784313725490196,0.4423076923076923,0.4188679245283019,0.4222222222222222,0.4109090909090909,0.40714285714285714,0.3586206896551724,0.31333333333333335,0.2983606557377049,0.2967741935483871
Information Technology,0.028888888888888888,0.04888888888888889,0.027659574468085105,0.02736842105263158,0.031578947368421054,0.068,0.114,0.126,0.104,0.084,0.052
Human Resources,0.02,0.28,0.16,0.0392156862745098,-0.0196078431372549,-0.0196078431372549,-0.07692307692307693,-0.09615384615384616,-0.057692307692307696,-0.05660377358490566,-0.05660377358490566
Facilities,0.015789473684210527,0.02631578947368421,0.03333333333333333,0.023529411764705882,-0.023529411764705882,-0.06666666666666667,0.05263157894736842,0.05,0.04,-0.03684210526315789,-0.08421052631578947
Marketing,-0.01,-0.03,-0.05,-0.03,0.04,0.52,-0.11,-0.1,-0.14,-0.07,-0.02666666666666667
Sales,0.027450980392156862,-0.035789473684210524,-0.016842105263157894,-0.0039603960396039604,0.01875,0.0,0.00392156862745098,-0.012371134020618556,-0.002061855670103093,-0.001941747572815534,0.00816326530612245
Finance,-0.04,-0.05,-0.05,-0.10909090909090909,-0.08181818181818182,-0.00909090909090909,-0.08333333333333333,-0.06666666666666667,-0.06666666666666667,-0.058333333333333334,0.1
Technical Support,-0.17142857142857143,-0.2,-0.2,-0.25,-0.2777777777777778,-0.2777777777777778,-0.32432432432432434,-0.32432432432432434,-0.2972972972972973,-0.34210526315789475,-0.3157894736842105
